Company,Cluster
3i Infotech Ltd,Cluster 1
Adroit Infotech Ltd,Cluster 1
AION-TECH SOLUTIONS Ltd,Cluster 1
Allied Digital Services Ltd,Cluster 1
ASM Technologies Ltd,Cluster 4
Avance Technologies Ltd,Cluster 5
Bartronics India Ltd,Cluster 4
Birlasoft Ltd,Cluster 1
Cambridge Technology Enterprises Ltd,Cluster 4
CG-Vak Software and Exports Ltd,Cluster 1
COFORGE LIMITED Ltd,Cluster 1
Cranes Software International Ltd,Cluster 4
Cressanda Solution Ltd,Cluster 1
Cybertech Systems and Software Ltd,Cluster 4
Cyient Ltd,Cluster 4
Danlaw Technologies India Ltd,Cluster 4
Datamatics Global Services Ltd,Cluster 1
Dynacons Systems and Solutions Ltd,Cluster 1
Elnet Technologies Ltd,Cluster 1
Equippp Social Impact Technologies Ltd,Cluster 5
Expleo Solutions Ltd,Cluster 2
FCS Software Solutions Ltd,Cluster 1
Genesys International Corporation Ltd,Cluster 4
HCL Technologies Ltd,Cluster 1
Indian Infotech and Software Ltd,Cluster 5
Infosys Ltd,Cluster 1
Inspirisys Solutions Ltd,Cluster 1
IZMO Ltd,Uncategorized
Jeevan Scientific Technology Ltd,Cluster 2
Kati Patang Lifestyle Ltd,Cluster 1
Kellton Tech Solutions Ltd,Cluster 1
Kernex Microsystems (India) Ltd,Cluster 4
Mastek Ltd,Cluster 1
Megasoft Ltd,Cluster 5
MphasiS Ltd,Cluster 1
Nettlinx Ltd,Cluster 1
Onward Technologies Ltd,Cluster 1
Oracle Financial Services Software Ltd,Cluster 5
Palred Technologies Ltd,Uncategorized
Persistent Systems Ltd,Cluster 4
R Systems International Ltd,Cluster 1
Sasken Technologies Ltd,Cluster 4
Saven Technologies Ltd,Cluster 5
SBSJHVHSV Ltd,Cluster 1
Securekloud Technologies Ltd,Cluster 1
Sofcom Systems Ltd,Cluster 1
Softsol India Ltd,Cluster 5
Sonata Software Ltd,Cluster 1
Starcom Information Technology Ltd,Cluster 1
Tata Consultancy Services Ltd,Cluster 1
Tech Mahindra Ltd,Cluster 1
Tera Software Ltd,Cluster 2
Titan Intech Ltd,Cluster 2
Trigyn Technologies Ltd,Cluster 1
USG Tech Solutions Ltd,Cluster 1
VEDAVAAG Systems Ltd,Cluster 1
WEP Solutions Ltd,Cluster 1
Wipro Ltd,Cluster 1
Xchanging Solutions Ltd,Cluster 3
Xtglobal Infotech Ltd,Cluster 1
Zensar Technologies Ltd,Cluster 2
